"","Review..","Brand","Variety","Style","Country","Stars","Top.Ten"
"1",2569,"Yamachan","Yokohama Tonkotsu Shoyu","Pack","USA","5",""
"2",2563,"Yamachan","Tokyo Shoyu Ramen","Pack","USA","5",""
"3",2559,"Jackpot Teriyaki","Beef Ramen","Pack","USA","5",""
"4",2541,"Nissin","Cup Noodles Very Veggie Spicy Chicken Flavor Ramen Noodle Soup","Cup","USA","5",""
"5",2538,"Nissin","Cup Noodles Very Veggie Beef Flavor Ramen Noodle Soup","Cup","USA","5",""
"6",2535,"Nissin","Cup Noodles Very Veggie Chicken Flavor Ramen Noodle Soup","Cup","USA","5",""
"7",2460,"Daifuku","Katsuo Bowl Udon","Bowl","USA","5",""
"8",2262,"Dream Kitchen","Curry Flavour Instant Noodles","Cup","USA","5",""
"9",2248,"Nongshim","Shin Noodle Soup","Cup","USA","5",""
"10",2098,"Nongshim","Kimchi Flavor Noodle Soup","Cup","USA","5",""
"11",2072,"Maruchan","Bowl Taste Of Asia Beef Flavor Sukiyaki Ramen","Bowl","USA","5",""
"12",2064,"Nongshim","Arrabiata Rice Bucatini","Pack","USA","5",""
"13",1875,"Sapporo Ichiban","Tonkotsu Ramen Artificially Flavored Tonkotsu White Chicken Broth","Pack","USA","5",""
"14",1864,"Nissin","Raoh Ramen Noodle Soup Umami Tonkotsu Flavor","Pack","USA","5",""
"15",1824,"Nongshim","Soon Veggie Noodle Soup","Cup","USA","5",""
"16",1678,"Nongshim","Shin Black Spicy Po-Au-Feu Flavor (Mew Edition)","Pack","USA","5",""
"17",1485,"Nongshim","Spicy Tonkotsu Noodle Soup","Pack","USA","5",""
"18",1407,"Annie Chun's","Ramen House Thai Coconut Ramen","Pack","USA","5",""
"19",1178,"Nongshim","Shin Black Spicy Pot-au-feu Flavor Premium Noodle Soup","Cup","USA","5",""
"20",1155,"Komforte Chockolates","Savory Ramen ","Bar","USA","5",""
"21",1125,"Myojo","Japanese Style Noodles Shio Flavor","Pack","USA","5",""
"22",984,"Sun Noodle","Ramen Shoyu Flavor","Tray","USA","5",""
"23",982,"Sun Noodle","Ramen Miso Flavor","Tray","USA","5",""
"24",978,"Sun Noodle","Ramen Pork Flavor","Tray","USA","5",""
"25",936,"Yamachan","Mild Tonkotsu","Pack","USA","5",""
"26",934,"Nongshim","Jinjja Jinjja Flamin' Hot & Nutty","Pack","USA","5","2013 #4"
"27",885,"Yamachan","Miso Ramen Rich Sapporo Miso","Pack","USA","5",""
"28",872,"Nongshim","Chapagetti","Bowl","USA","5",""
"29",749,"Sapporo Ichiban","Chow Mein (New)","Pack","USA","5",""
"30",337,"Maruchan","Ramen Noodle Soup Creamy Chicken","Pack","USA","5",""
